LINETYPE,COUNT,JOBID,FIRSTNAME,LASTNAME,TITLE,BUSINESS,ADDRESS,ADDRESS2,CITY,STATE,ZIP,COUNTRY,DELIVERY POINT BARCODE,SNGL PC,CARRIER ROUTE,WALK SEQUENCE,CUSTOM1,CUSTOM2,CUSTOM3,CUSTOM4,CUSTOM5,FILE_1,FILE_2
100080,1,7000041,JOHN,APPLESEED, , ,"3494 KUHL AVENUE
SECOND ST", ,ATLANTA,GA,30303,UNITED STATES, ,SNGL PC, , , , , , , ,7000041_file_1.pdf,7000041_file_2.pdf
100080,1,7000041,KATE,BELL, , ,165 DAVIS STREET, ,HILLSBOROUGH,CA,94010, , ,SNGL PC, , , , , , , ,7000041_file_1.pdf,7000041_file_2.pdf
100080,1,7000042,JOHN,APPLESEED, , ,"3494 KUHL AVENUE
SECOND ST", ,ATLANTA,GA,30303,UNITED STATES, ,SNGL PC, , , , , , , ,7000042_file_1.pdf,7000042_file_2.pdf
100080,1,7000043,JOHN,APPLESEED, , ,1234 LAUREL STREET, ,ATLANTA,GA,30303,USA, ,SNGL PC, , , , , , , ,7000043_file_1.pdf,7000043_file_2.pdf
100080,1,7000044,ANNA,HARO, , ,1001  LEAVENWORTH STREET, ,SAUSALITO,CA,94965,USA, ,SNGL PC, , , , , , , ,7000044_file_1.pdf,7000044_file_2.pdf
100080,1,7000045,KATE,BELL, , ,165 DAVIS STREET, ,HILLSBOROUGH,CA,94010, , ,SNGL PC, , , , , , , ,7000045_file_1.pdf,7000045_file_2.pdf
100080,1,7000046,KATE,BELL, , ,165 DAVIS STREET, ,HILLSBOROUGH,CA,94010, , ,SNGL PC, , , , , , , ,7000046_file_1.pdf,7000046_file_2.pdf
100080,1,7000046,DANIEL,HIGGINS, , ,332 LAGUNA STREET, ,CORTE MADERA,CA,94925,USA, ,SNGL PC, , , , , , , ,7000046_file_1.pdf,7000046_file_2.pdf
100080,1,7000047,NIOCK,TOMMRLELO, , ,"1 FDF
DSF", ,SDD,DD,23422, , ,SNGL PC, , , , , , , ,7000047_file_1.pdf,7000047_file_2.pdf
100080,1,7000048,NIOCK,TOMMRLELO, , ,"1 FDF
DSF", ,SDD,DD,23422, , ,SNGL PC, , , , , , , ,7000048_file_1.pdf,7000048_file_2.pdf
